{
	"pages": [{
			"path": "pages/startUp/startup"
		},
		{
			"path": "pages/login/login"
		},
		{
			"path": "pages/index/index",
			"style": {
				"navigationBarTitleText": "中源乐充",
				"app-plus": {
					"scrollIndicator": "none"
				}
			}
		}
	],
	"subPackages": [{
			"root": "indexPage",
			"pages": [{
				"path": "active/active",
				"style": {
					"navigationBarTitleText": "中源乐充",
					"app-plus": {
						"scrollIndicator": "none"
					}
				}
			}]
		},
		{
			"root": "findPage",
			"pages": []
		},
		{
			"root": "servicePage",
			"pages": []
		},
		{
			"root": "myPage",
			"pages": [{
					"path": "setting/setting",
					"style": {
						"navigationBarTitleText": "系统设置"
					}
				},
				{
					"path": "myBalance/myBalance",
					"style": {
						"navigationBarTitleText": "我的余额"
					}
				},
				{
					"path": "myBalance/rechargeRecord",
					"style": {
						"navigationBarTitleText": "充值记录"
					}
				},
				{
					"path": "myBalance/rechargeSuccess",
					"style": {
						"navigationBarTitleText": "充值结果"
					}
				},
				{
					"path": "myBalance/chargePackage",
					"style": {
						"navigationBarTitleText": "充电套餐"
					}
				},
			    {
                    "path" : "myCoupon/myCoupon",
                    "style" : {
						"navigationBarTitleText": "我的优惠券"
					}
                },
                {
                    "path" : "sysMsg/sysMsg",
                    "style" : {
						"navigationBarTitleText": "系统消息"
					}
                },
                {
                    "path" : "sysMsg/msgDetail",
                    "style" : {
						"navigationBarTitleText": "我的消息"
					}
                },
                {
                    "path" : "myService/historyOrder",
                    "style" : {
						"navigationBarTitleText": "历史订单"
					}
                }
            ]
		}
	],
	"globalStyle": {
		"navigationBarTextStyle": "black",
		"navigationBarTitleText": "中源乐充",
		"navigationBarBackgroundColor": "#F8F8F8",
		"backgroundColor": "#F8F8F8",
		"navigationStyle": "custom"
	},
	"scrollIndicator": "none"
}
